{
    "products": [
      {
        "availableSizes": ["X", "L", "XL", "XXL"],
        "currencyFormat": "$",
        "currencyId": "USD",
        "description": "14/15 s/nº",
        "id": 0,
        "installments": 9,
        "isFreeShipping": true,
        "price": 10.9,
        "sku": 8552515751438644,
        "style": "White T-shirt",
        "title": "Cropped Stay Groovy off white",
        "image":"https://alphagammabeta.000webhostapp.com/images/image1-removebg-preview.png"
      },
      {
        "availableSizes": ["X", "ML", "L"],
        "currencyFormat": "$",
        "currencyId": "USD",
        "description": "",
        "id": 11,
        "installments": 3,
        "isFreeShipping": true,
        "price": 13.25,
        "sku": 39876704341265610,
        "style": "Wine",
        "title": "Basic Cactus White T-shirt",
        "image":"https://alphagammabeta.000webhostapp.com/images/image2.jpeg"
      },
      {
        "availableSizes": ["XL"],
        "currencyFormat": "$",
        "currencyId": "USD",
        "description": "14/15 s/nº - Jogador",
        "id": 4,
        "installments": 12,
        "isFreeShipping": false,
        "price": 25.9,
        "sku": 9197907543445676,
        "style": "Tony Hawk",
        "title": "Skater Black Sweatshirt",
        "image":"https://alphagammabeta.000webhostapp.com/images/image3.jpeg"

      },
      {
        "availableSizes": ["M", "ML"],
        "currencyFormat": "$",
        "currencyId": "USD",
        "description": "",
        "id": 13,
        "installments": 5,
        "isFreeShipping": true,
        "price": 29.45,
        "sku": 51498472915966370,
        "style": "Tule",
        "title": "Black Tule Oversized",
        "image":"https://alphagammabeta.000webhostapp.com/images/image4.jpeg"

      },
      {
        "availableSizes": ["S", "XS"],
        "currencyFormat": "$",
        "currencyId": "USD",
        "description": "4 MSL",
        "id": 12,
        "installments": 9,
        "isFreeShipping": true,
        "price": 10.9,
        "sku": 12064273040195392,
        "style": "Really Cool T-shirt",
        "title": "Black Batman T-shirt",
        "image":"https://alphagammabeta.000webhostapp.com/images/image5.jpeg"

      },
      {
        "availableSizes": ["X", "L", "XL"],
        "currencyFormat": "$",
        "currencyId": "USD",
        "description": "GPX Poly 1",
        "id": 14,
        "installments": 3,
        "isFreeShipping": true,
        "price": 9,
        "sku": 10686354557628304,
        "style": "Mark Zuck have 365 of this one",
        "title": "Blue T-Shirt",
        "image":"https://alphagammabeta.000webhostapp.com/images/image6.jpeg"

      },
      {
        "availableSizes": ["X", "L", "XL", "XXL"],
        "currencyFormat": "$",
        "currencyId": "USD",
        "description": "Treino 2014",
        "id": 15,
        "installments": 5,
        "isFreeShipping": true,
        "price": 14,
        "sku": 11033926921508488,
        "style": "",
        "title": "Loose Black T-shirt",
        "image":"https://alphagammabeta.000webhostapp.com/images/image7.jpeg"
        
      },
      {
        "availableSizes": ["X", "L", "XL", "XXL"],
        "currencyFormat": "$",
        "currencyId": "USD",
        "description": "14/15 s/nº",
        "id": 1,
        "installments": 9,
        "isFreeShipping": true,
        "price": 10.9,
        "sku": 18644119330491310,
        "style": "White T-shirt",
        "title": "Ringer Hall Pass",
        "image":"https://alphagammabeta.000webhostapp.com/images/image8.jpeg"
      },
      {
        "availableSizes": ["X", "L"],
        "currencyFormat": "$",
        "currencyId": "USD",
        "description": "14/15 s/nº",
        "id": 2,
        "installments": 7,
        "isFreeShipping": true,
        "price": 14.9,
        "sku": 11854078013954528,
        "style": "You will like this one",
        "title": "Grey T-shirt",
        "image":"https://alphagammabeta.000webhostapp.com/images/image9.jpeg"

      },
      {
        "availableSizes": ["X", "L"],
        "currencyFormat": "$",
        "currencyId": "USD",
        "description": "2014 s/nº",
        "id": 3,
        "installments": 7,
        "isFreeShipping": true,
        "price": 14.9,
        "sku": 876661122392077,
        "style": "Adidas originals",
        "title": "Black T-shirt with white stripes",
        "image":"https://alphagammabeta.000webhostapp.com/images/image10.jpeg"

      },
      {
        "availableSizes": ["X", "L", "XL"],
        "currencyFormat": "$",
        "currencyId": "USD",
        "description": "14/15 + Camiseta 1º Mundial",
        "id": 5,
        "installments": 9,
        "isFreeShipping": false,
        "price": 10.9,
        "sku": 10547961582846888,
        "style": "Cowabunga!",
        "title": "Turtles Ninja T-shirt",
        "image":"https://alphagammabeta.000webhostapp.com/images/image11.jpeg"

      },
      {
        "availableSizes": ["XL", "XXL"],
        "currencyFormat": "$",
        "currencyId": "USD",
        "description": "T-shirt 13/14",
        "id": 6,
        "installments": 1,
        "isFreeShipping": true,
        "price": 49.9,
        "sku": 6090484789343891,
        "style": "When you wish well",
        "title": "Slim black T-shirt",
        "image":"https://alphagammabeta.000webhostapp.com/images/image12.jpeg"

      },
      {
        "availableSizes": ["S"],
        "currencyFormat": "$",
        "currencyId": "USD",
        "description": "1977 Infantil",
        "id": 7,
        "installments": 4,
        "isFreeShipping": true,
        "price": 22.5,
        "sku": 18532669286405344,
        "style": "Very comfy",
        "title": "Blue Sweatshirt",
        "image":"https://alphagammabeta.000webhostapp.com/images/image13.jpeg"

      },
      {
        "availableSizes": ["XL"],
        "currencyFormat": "$",
        "currencyId": "USD",
        "description": "",
        "id": 8,
        "installments": 4,
        "isFreeShipping": false,
        "price": 18.7,
        "sku": 5619496040738316,
        "style": "Girl the future is all your",
        "title": "White T-shirt Gucci",
        "image":"https://alphagammabeta.000webhostapp.com/images/image14.jpeg"

      },
      {
        "availableSizes": ["L", "XL"],
        "currencyFormat": "$",
        "currencyId": "USD",
        "description": "",
        "id": 9,
        "installments": 5,
        "isFreeShipping": true,
        "price": 134.9,
        "sku": 11600983276356164,
        "style": "",
        "title": "Tropical Wine T-shirt",
        "image":"https://alphagammabeta.000webhostapp.com/images/image15.jpeg"
      },
      {
        "availableSizes": ["L", "XL"],
        "currencyFormat": "$",
        "currencyId": "USD",
        "description": "",
        "id": 10,
        "installments": 9,
        "isFreeShipping": true,
        "price": 49,
        "sku": 27250082398145996,
        "style": "",
        "title": "Marine Blue T-shirt",
        "image":"https://alphagammabeta.000webhostapp.com/images/image16.jpeg"

      }
    ]
  }
  